Metric,Value
MAE,29.823034281368006
MSE,3952.104806314709
RMSE,62.86576815974421
R2 Score,0.7742019742500297
